,EMPLOYEE_ID,PASSWORDS
0,100,"DivvW""67"
1,101,jBord'76
2,102,HbEQa=05
3,103,zNNXU>36
4,104,vCKpU}61
5,105,pKNVk-16
6,106,LuNGR*71
7,107,GyvTe-98
8,108,ziLDJ]77
9,109,dRFEs{15
10,110,RyBwg{68
11,111,Gmhyc:79
12,112,xPGIZ?15
13,113,rrQCh.80
14,114,npdrA*52
15,115,stIHS\29
16,116,zejqA$38
17,117,LGFjT@06
18,118,pfVtV[26
19,119,BonmB{48
20,120,bIyrD=60
21,121,HaHTB(28
22,122,VtMSf[46
23,123,ASkJC@48
24,124,"BEQWK,72"
25,125,XjpgP?10
26,126,WmPfy?55
27,127,xJrCf_46
28,128,hVvjJ^49
29,129,EOpPo}99
30,130,deJLu#32
31,131,bcDqg$28
32,132,UqgYw%02
33,133,TOGAr#25
34,134,LyOtK\66
35,135,Plbvp<40
36,136,VThxi}93
37,137,bmOZo~36
38,138,YtXyS_22
39,139,sIRYV$82
40,140,tjvkd-02
41,198,gcbFv/15
42,199,deAZE;99
43,200,KRNqa{44
44,201,LKGvE*79
45,202,YUOgr=97
46,203,kScVS)90
47,204,QtBwk:94
48,205,gqdhE~57
49,206,xgHTy=66
